strategy_vol_annual,strategy_sharpe_annual,strategy_max_drawdown,strategy_avg_year_return,SP500_vol_annual,SP500_sharpe_annual,SP500_max_drawdown,SP500_avg_year_return,GOLD_vol_annual,GOLD_sharpe_annual,GOLD_max_drawdown,GOLD_avg_year_return
0.12232708139517218,1.0961807704110653,0.19125198737570445,0.13409259432589693,0.14966721852815304,0.6094286941375195,0.5255585947031325,0.09121149754280708,0.1670866786587409,0.6913421116321605,0.420125759459598,0.11551405724953821
